Word,Cost,Clicks,Impressions,Conversions,Top Containing Queries
ai,$92.84,156,"1,955",0.00,"(ai code generator, best ai for coding, ai for coding)"
coding,$39.39,67,"1,041",0.00,"(best ai for coding, ai for coding, coding ai)"
for,$26.19,46,770,0.00,"(best ai for coding, ai for coding, best ai tool for coding)"
code,$44.48,77,737,0.00,"(ai code generator, code ai, ai code editor)"
best,$7.87,16,588,0.00,"(best ai for coding, best ai tool for coding, which ai is best for coding)"
generator,$28.22,50,407,0.00,"(ai code generator, code generator ai, code generator)"
tools,$6.48,12,245,0.00,"(best ai tools for coding, ai tools for coding, coding ai tools)"
software,$6.00,12,158,0.00,"(ai software, ai software engineer, coding software)"
tool,$6.23,11,134,0.00,"(best ai tool for coding, ai tool for coding, ai coding tool)"
code editor,$3.33,6,90,0.00,"(ai code editor, best ai code editor)"
is,$0.21,1,88,0.00,"(which ai is best for coding, which is the best ai for coding, which ai tool is best for coding)"
which,$0.21,1,82,0.00,"(which ai is best for coding, which is the best ai for coding, which ai tool is best for coding)"
assistant,$0.66,1,62,0.00,"(ai coding assistant, best ai coding assistant, ai code assistant)"
code generation,$5.11,8,58,0.00,"(ai for code generation, best ai for code generation, best ai tool for code generation)"
development,$1.49,3,52,0.00,"(ai for software development, ai tools for web development, ai tools for software development)"
coder,$4.68,7,47,0.00,"(ai coder, coder ai)"
for developers,$1.59,3,44,0.00,"(ai tools for developers, ai for developers, ai tool for developers)"
programming,$3.14,3,37,0.00,"(ai programming, programming software, best ai for programming)"
engineer,$0.36,1,31,0.00,(ai software engineer)
developer,$0.69,1,31,0.00,"(ai software developer, ai developer, ai tool developer)"
ai model,$0.44,1,29,0.00,"(best ai model for coding, best coding ai model)"
the best,$0.21,1,28,0.00,"(which is the best ai for coding, which is the best ai tool for coding, what is the best ai for coding)"
web development,$0.60,1,23,0.00,"(ai tools for web development, web development ai tools, best ai for web development coding)"
ai to,$0.24,1,17,0.00,"(ai to write code, best ai to write code, ai tools to code)"
generating,$1.36,3,15,0.00,"(ai tools for generating code, code generating ai)"
website,$0.31,1,15,0.00,"(ai website code generator, ai code generator for website)"
platform,$0.00,0,14,0.00,(coding platform)
for coders,$0.00,0,13,0.00,"(ai for coders, best ai for coders)"
generative ai,$0.00,0,13,0.00,"(generative ai code generation tools, generative ai code)"
platforms,$0.00,0,12,0.00,(coding platforms)
write code,$0.24,1,12,0.00,"(ai to write code, best ai to write code)"
app for,$0.63,1,11,0.00,"(best ai app for coding, best ai app for code generation)"
genai,$0.00,0,10,0.00,(best genai for coding)
questions,$0.00,0,9,0.00,(ai for coding questions)
program,$0.29,1,9,0.00,(coding program)
codeai,$0.36,1,9,0.00,(codeai)
programs,$0.15,1,8,0.00,(coding programs)
dev,$0.00,0,7,0.00,(dev ai tools)
better,$0.00,0,7,0.00,(which ai is better for coding)
online,$1.23,2,7,0.00,(online code generator)
good,$0.00,0,6,0.00,(which ai is good for coding)
in,$0.00,0,6,0.00,(ai in software development)
gen,$0.00,0,6,0.00,(gen ai tools for developers)
agents,$1.00,1,6,0.00,(best ai agents for coding)
what,$0.00,0,6,0.00,(what is the best ai for coding)
agent,$0.49,1,5,0.00,(ai agent for coding)
language,$0.00,0,5,0.00,(ai coding language)
assistants,$0.27,1,5,0.00,(ai coding assistants)
ide,$0.00,0,5,0.00,(ai ide)
productivity,$0.00,0,5,0.00,(ai tools for developer productivity)
writer,$0.00,0,5,0.00,(ai code writer)
