Search,Cost,Clicks,Impressions,Conversions
ai code generator,$16.05,29,227,0.00
best ai for coding,$2.05,4,168,0.00
ai for coding,$6.55,11,112,0.00
coding ai,$10.24,15,103,0.00
code ai,$6.58,10,93,0.00
ai code editor,$3.33,6,72,0.00
code generator ai,$4.47,8,65,0.00
best ai tool for coding,$0.30,1,63,0.00
ai coding,$5.81,6,62,0.00
ai software,$2.35,4,48,0.00
which ai is best for coding,$0.00,0,38,0.00
ai coder,$1.25,3,36,0.00
best ai tools for coding,$1.11,2,35,0.00
best coding ai,$0.34,1,35,0.00
ai tools for coding,$0.21,1,34,0.00
ai software engineer,$0.36,1,31,0.00
coding ai tools,$0.36,1,29,0.00
ai coding tools,$0.53,1,28,0.00
ai code,$0.22,1,26,0.00
code generator,$1.96,2,24,0.00
coding software,$0.73,1,24,0.00
ai tool for coding,$3.68,5,23,0.00
best ai code generator,$0.00,0,23,0.00
ai coding assistant,$0.66,1,22,0.00
ai coding generator,$1.82,4,20,0.00
ai tools for developers,$1.59,3,20,0.00
best ai code editor,$0.00,0,18,0.00
best ai model for coding,$0.00,0,18,0.00
ai for code generation,$1.46,2,17,0.00
best coding ai tools,$0.00,0,16,0.00
best code generator ai,$0.00,0,15,0.00
coding platform,$0.00,0,14,0.00
which is the best ai for coding,$0.00,0,14,0.00
ai for code,$1.24,2,13,0.00
ai software developer,$0.69,1,13,0.00
best ai coding assistant,$0.00,0,13,0.00
ai for developers,$0.00,0,12,0.00
ai programming,$1.19,1,12,0.00
best ai for code generation,$0.90,2,12,0.00
coding platforms,$0.00,0,12,0.00
ai code assistant,$0.00,0,11,0.00
ai for software development,$0.89,2,11,0.00
best coding ai model,$0.44,1,11,0.00
code ai generator,$2.38,4,11,0.00
coder ai,$3.43,4,11,0.00
programming software,$0.44,1,11,0.00
ai coding tool,$1.38,3,10,0.00
ai tools for web development,$0.60,1,10,0.00
ai website code generator,$0.00,0,10,0.00
best genai for coding,$0.00,0,10,0.00
code assistant ai,$0.00,0,10,0.00
ai for coding questions,$0.00,0,9,0.00
best ai tool for code generation,$0.66,1,9,0.00
codeai,$0.36,1,9,0.00
coding program,$0.29,1,9,0.00
which ai tool is best for coding,$0.00,0,9,0.00
ai for coders,$0.00,0,8,0.00
ai tools for code generation,$1.46,2,8,0.00
ai tools for generating code,$0.62,1,8,0.00
best ai for programming,$0.00,0,8,0.00
coding programs,$0.15,1,8,0.00
which is the best ai tool for coding,$0.21,1,8,0.00
ai developer,$0.00,0,7,0.00
ai tools for software development,$0.00,0,7,0.00
best ai coding tools,$0.00,0,7,0.00
code generating ai,$0.74,2,7,0.00
dev ai tools,$0.00,0,7,0.00
for coding best ai,$0.23,1,7,0.00
generative ai code generation tools,$0.00,0,7,0.00
online code generator,$1.23,2,7,0.00
software coding,$0.53,2,7,0.00
web development ai tools,$0.00,0,7,0.00
which ai is better for coding,$0.00,0,7,0.00
ai in software development,$0.00,0,6,0.00
ai to write code,$0.24,1,6,0.00
ai tool developer,$0.00,0,6,0.00
ai tool for developers,$0.00,0,6,0.00
best ai agents for coding,$1.00,1,6,0.00
best ai app for coding,$0.00,0,6,0.00
best ai code assistant,$0.00,0,6,0.00
best ai for web development coding,$0.00,0,6,0.00
best ai to write code,$0.00,0,6,0.00
coding tools,$0.00,0,6,0.00
gen ai tools for developers,$0.00,0,6,0.00
generative ai code,$0.00,0,6,0.00
programming ai,$1.51,1,6,0.00
what is the best ai for coding,$0.00,0,6,0.00
which ai is good for coding,$0.00,0,6,0.00
ai agent for coding,$0.49,1,5,0.00
ai best for coding,$0.00,0,5,0.00
ai code generator for website,$0.31,1,5,0.00
ai code writer,$0.00,0,5,0.00
ai coding assistants,$0.27,1,5,0.00
ai coding language,$0.00,0,5,0.00
ai development,$0.00,0,5,0.00
ai ide,$0.00,0,5,0.00
ai tools for developer productivity,$0.00,0,5,0.00
ai tools to code,$0.00,0,5,0.00
best ai app for code generation,$0.63,1,5,0.00
best ai for coders,$0.00,0,5,0.00
